id,role,username,password
2,Representative,mits,mits
1,Instructor,ioanth12,asdf1234
3184623,Student,karag1,vguwds
3184610,Student,bfk2,23j10ej
3184620,Student,paskourophobic,ilovepaskour
2402,Student,test_student,test
2403,Instructor,test_instructor,test
3184621,Student,wwegwgw,gwrgewgw
3184625,Student,hrtht,hhh
3170676,Student,wgwweg,ghhegh
3184618,Student,gerge,bnynmnbvu
3180915,Student,eerge,tbt
3168190,Student,gfsg,bymbbrtbjrrrrr
3181137,Student,herher,yuubbbb
3181872,Student,gee,trttttt
3181873,Student,dgdfgd,rrrrrrrrrrrrrrrrrtyburt
3180098,Student,fgdgdf,tttttttttttttybtbyby
3180877,Student,dfggrtg,567665446bggb
3181697,Student,gwdgd,4g4g567g456g4
3178558,Student,geeeged,g5467g46bb
3181097,Student,sggrjkyll,54g647444
3180860,Student,dfgdsgsgs,gh4bbgmt
3175501,Student,lyulnbgu ,4g564bb
3175502,Student,test,test
